text,sql
"Вывести имя, фамилию и штат проживания всех клиентов из сегмента ""Mass Customer"", у которых оценка имущества меньше 5000.","SELECT first_name, last_name, state FROM customer WHERE wealth_segment = 'Mass Customer' AND property_valuation < 5000;"
"Найти все уникальные бренды продуктов, которые присутствуют в таблице товаров.",SELECT DISTINCT brand FROM product;
"Вывести название бренда, класс продукта и цену всех товаров, розничная цена которых превышает 100 долларов.","SELECT brand, product_class, list_price FROM product WHERE list_price > 100;"
"Найти все заказы, сделанные онлайн (""online_order = true"").","SELECT order_id, customer_id, order_date, order_status FROM orders WHERE online_order = TRUE LIMIT 1000; "
"Вывести ID заказа, ID продукта и количество для всех позиций в заказах, где количество товара больше 5 штук, а цена продажи единицы товара менее 200 долларов.","SELECT order_id, product_id, quantity FROM order_items WHERE quantity > 5 AND item_list_price_at_sale < 200;"
"Для каждого клиента, у которого есть хотя бы один заказ, вывести ID клиента и даты всех его заказов.","SELECT o.customer_id, o.order_date FROM orders o ORDER BY o.customer_id, o.order_date LIMIT 1000; "
"Найти названия брендов и цены всех продуктов бренда ""Giant Bicycles"".","SELECT brand, list_price FROM product WHERE brand = 'Giant Bicycles';"
"Найти клиентов, которые делали заказы, но никогда не покупали продукты класса ""Road Bikes"".","SELECT DISTINCT c.customer_id, c.first_name, c.last_name FROM customer c JOIN orders o ON c.customer_id = o.customer_id WHERE NOT EXISTS ( SELECT 1 FROM orders o2 JOIN order_items oi2 ON o2.order_id = oi2.order_id JOIN product p2 ON oi2.product_id = p2.product_id WHERE o2.customer_id = c.customer_id AND p2.product_class = 'Road Bikes' );"
"Найти имена и фамилии клиентов, проживающих в штате NSW, у которых есть автомобиль (""owns_car = 'Yes').","SELECT first_name, last_name FROM customer WHERE state = 'NSW' AND owns_car = 'Yes';"
"Найти бренд и линейку продукта (""product_line""), имеющие самую высокую розничную цену в каталоге.","SELECT brand, product_line, list_price FROM product ORDER BY list_price DESC LIMIT 1;"
"Вычислить среднюю сумму чека по всем утвержденным (""Approved"") заказам. Сумма чека равна сумме произведений количества на цену продажи по всем позициям заказа.","SELECT AVG(order_total) AS avg_check_amount FROM ( SELECT o.order_id, SUM(oi.quantity * oi.item_list_price_at_sale) AS order_total FROM orders o JOIN order_items oi ON o.order_id = oi.order_id WHERE o.order_status = 'Approved' GROUP BY o.order_id ) AS order_totals;"
"Найти среднюю стоимость единицы товара в заказах, сделанных клиентами из сегмента ""Affluent Customer"".",SELECT AVG(oi.item_list_price_at_sale) AS avg_item_price FROM customer c JOIN orders o ON c.customer_id = o.customer_id JOIN order_items oi ON o.order_id = oi.order_id WHERE c.wealth_segment = 'Affluent Customer';
Вычислить среднюю общую сумму покупок для клиентов из штата Victoria (VIC).,"SELECT AVG(customer_total) AS avg_customer_spend FROM ( SELECT c.customer_id, SUM(oi.quantity * oi.item_list_price_at_sale) AS customer_total FROM customer c JOIN orders o ON c.customer_id = o.customer_id JOIN order_items oi ON o.order_id = oi.order_id WHERE c.state = 'VIC' AND o.order_status = 'Approved' -- Обычно считают только успешные заказы GROUP BY c.customer_id ) AS customer_totals;"
"Найти имена и фамилии клиентов, чья общая сумма покупок (сумма всех их утвержденных заказов) превышает 1000 долларов.","SELECT c.first_name, c.last_name FROM customer c JOIN orders o ON c.customer_id = o.customer_id JOIN order_items oi ON o.order_id = oi.order_id WHERE o.order_status = 'Approved' GROUP BY c.customer_id, c.first_name, c.last_name HAVING SUM(oi.quantity * oi.item_list_price_at_sale) > 1000;"
"Найти розничные цены (""list_price""), которые встречаются у двух и более разных продуктов.",SELECT list_price FROM product GROUP BY list_price HAVING COUNT(product_id) >= 2;
"Найти пары разных продуктов, которые имеют одинаковую розничную цену и одинаковый класс продукта. Вывести: ID первого продукта, ID второго продукта, цена, класс. Каждая пара выводится только один раз (где ID первого < ID второго).","SELECT p1.product_id AS product_id_1, p2.product_id AS product_id_2, p1.list_price, p1.product_class FROM product p1 JOIN product p2 ON p1.list_price = p2.list_price AND p1.product_class = p2.product_class AND p1.product_id < p2.product_id;"
"Найти продукты, розничная цена которых ниже минимальной розничной цены среди всех продуктов бренда ""Haro"".",SELECT * FROM product WHERE list_price < ( SELECT MIN(list_price) FROM product WHERE brand = 'Haro' );
"Найти бренды самых дешевых продуктов в каждой категории (""product_class""). Вывести: категория, бренд, минимальная цена.","SELECT product_class, brand, min_price FROM ( SELECT product_class, brand, list_price AS min_price, ROW_NUMBER() OVER (PARTITION BY product_class ORDER BY list_price ASC) as rn FROM product ) sub WHERE rn = 1;"
Для каждого бренда вычислить среднюю розничную цену выпускаемых им товаров.,"SELECT brand, AVG(list_price) AS avg_price FROM product GROUP BY brand;"
"Найти бренды, которые выпускают по меньшей мере три различные линейки продуктов (""product_line"").",SELECT brand FROM product GROUP BY brand HAVING COUNT(DISTINCT product_line) >= 3;
Найти максимальную сумму одного утвержденного заказа для каждого клиента.,"SELECT o.customer_id, MAX(order_total) AS max_order_sum FROM ( SELECT order_id, customer_id, SUM(quantity * item_list_price_at_sale) AS order_total FROM orders o JOIN order_items oi ON o.order_id = oi.order_id WHERE o.order_status = 'Approved' GROUP BY o.order_id, o.customer_id ) AS sub GROUP BY o.customer_id;"
"Для каждого значения количества товаров в позиции заказа (""quantity""), превышающего 5, определить среднюю цену единицы этого товара.","SELECT quantity, AVG(item_list_price_at_sale) AS avg_price FROM order_items WHERE quantity > 5 GROUP BY quantity;"
"Найти бренды, которые производят товары с розничной ценой выше 500 долларов И при этом имеют товары с розничной ценой ниже 50 долларов.",SELECT brand FROM product GROUP BY brand HAVING MAX(list_price) > 500 AND MIN(list_price) < 50;
"Перечислить ID продуктов, имеющих самую высокую розничную цену по всему каталогу.",SELECT product_id FROM product WHERE list_price = (SELECT MAX(list_price) FROM product);
"Найти бренды продуктов, которые входили в состав самого дорогого по общей сумме утвержденного заказа и самого дешевого по общей сумме утвержденного заказа.","WITH order_totals AS ( SELECT o.order_id, SUM(oi.quantity * oi.item_list_price_at_sale) AS total_sum FROM orders o JOIN order_items oi ON o.order_id = oi.order_id WHERE o.order_status = 'Approved' GROUP BY o.order_id ), extremes AS ( SELECT (SELECT order_id FROM order_totals ORDER BY total_sum DESC LIMIT 1) AS max_order_id, (SELECT order_id FROM order_totals ORDER BY total_sum ASC LIMIT 1) AS min_order_id ) SELECT DISTINCT p.brand FROM extremes e JOIN order_items oi ON oi.order_id IN (e.max_order_id, e.min_order_id) JOIN product p ON oi.product_id = p.product_id;"
"Найти среднюю цену продажи и среднее количество штук в одной позиции заказа для продуктов бренда ""Electra"".","SELECT AVG(oi.item_list_price_at_sale) AS avg_sale_price, AVG(oi.quantity) AS avg_quantity FROM order_items oi JOIN product p ON oi.product_id = p.product_id WHERE p.brand = 'Electra';"
"Найти средний размер оценки имущества (""property_valuation"") клиентов каждого штата, которые когда-либо делали хотя бы один заказ.","SELECT c.state, AVG(c.property_valuation) AS avg_property_valuation FROM customer c WHERE EXISTS ( SELECT 1 FROM orders o WHERE o.customer_id = c.customer_id ) GROUP BY c.state;"
"Определить количество брендов, выпускающих только одну линейку продуктов (""product_line"").",SELECT COUNT(*) FROM ( SELECT brand FROM product GROUP BY brand HAVING COUNT(DISTINCT product_line) = 1 ) AS sub;
"Для каждого клиента вывести дату его первого и последнего утвержденного заказа. Если заказов не было, вывести NULL.","SELECT c.customer_id, MIN(o.order_date) AS first_order_date, MAX(o.order_date) AS last_order_date FROM customer c LEFT JOIN orders o ON c.customer_id = o.customer_id AND o.order_status = 'Approved' GROUP BY c.customer_id;"
Для каждого штата клиента и каждой даты заказа посчитать суммарное количество проданных товаров и общую выручку за этот день.,"SELECT c.state, o.order_date, SUM(oi.quantity) AS total_quantity, SUM(oi.quantity * oi.item_list_price_at_sale) AS total_revenue FROM orders o JOIN customer c ON o.customer_id = c.customer_id JOIN order_items oi ON o.order_id = oi.order_id WHERE o.order_status = 'Approved' GROUP BY c.state, o.order_date;"
"Для клиентов из сегмента ""High Net Worth"" вывести их профессию и страну проживания.","SELECT job_title, country FROM customer WHERE wealth_segment = 'High Net Worth';"
"С точностью до 2 знаков определить среднюю цену продажи (""item_list_price_at_sale"") для каждого класса продукта (""product_class"").","SELECT p.product_class, ROUND(AVG(oi.item_list_price_at_sale), 2) AS avg_sale_price FROM order_items oi JOIN product p ON oi.product_id = p.product_id GROUP BY p.product_class;"
"Указать ID заказов, в которых были куплены товары бренда ""Strider"" и которые были сделаны в 2017 году.",SELECT DISTINCT o.order_id FROM orders o JOIN order_items oi ON o.order_id = oi.order_id JOIN product p ON oi.product_id = p.product_id WHERE p.brand = 'Strider' AND EXTRACT(YEAR FROM o.order_date) = 2017;
"Указать имена и фамилии клиентов, которые потратили на покупки более 5000 долларов, но при этом сделали менее 3 утвержденных заказов.","SELECT c.first_name, c.last_name FROM customer c JOIN orders o ON c.customer_id = o.customer_id JOIN order_items oi ON o.order_id = oi.order_id WHERE o.order_status = 'Approved' GROUP BY c.customer_id, c.first_name, c.last_name HAVING SUM(oi.quantity * oi.item_list_price_at_sale) > 5000 AND COUNT(DISTINCT o.order_id) < 3;"
"В таблице ""product"" найти продукты, название бренда которых состоит только из букв, а название линейки содержит хотя бы одну цифру.",SELECT * FROM product WHERE brand ~ '^[A-Za-z]+$' AND product_line ~ '[0-9]';
"Перечислить имена клиентов, которые имеют наименьший ""customer_id"" в своем штате.","SELECT first_name, last_name FROM ( SELECT first_name, last_name, state, ROW_NUMBER() OVER (PARTITION BY state ORDER BY customer_id ASC) as rn FROM customer ) AS sub WHERE rn = 1;"
"Найти штаты, в которых зарегистрирован ровно один клиент.",SELECT state FROM customer GROUP BY state HAVING COUNT(*) = 1;
"Найти штаты, из которых есть клиенты как мужского пола ('Male'), так и женского ('Female').","SELECT state FROM customer WHERE gender IN ('Male', 'Female') GROUP BY state HAVING COUNT(DISTINCT gender) = 2;"
"Найти клиентов, которые сначала сделали заказ со статусом 'Cancelled', а позже (по дате) сделали заказ со статусом 'Approved'.",SELECT DISTINCT c.customer_id FROM customer c JOIN orders o1 ON c.customer_id = o1.customer_id JOIN orders o2 ON c.customer_id = o2.customer_id WHERE o1.order_status = 'Cancelled' AND o2.order_status = 'Approved' AND o1.order_date < o2.order_date;
"Найти бренды, которые выпускают более одной линейки продуктов, при этом все их продукты относятся к одному и тому же классу (""product_class"").",SELECT brand FROM product GROUP BY brand HAVING COUNT(DISTINCT product_line) > 1 AND COUNT(DISTINCT product_class) = 1;
Для каждого бренда определить максимальную розничную цену на его продукцию.,"SELECT brand, MAX(list_price) AS max_price FROM product GROUP BY brand;"
"Найти ID заказов, даты заказов и имена клиентов, если общая сумма утвержденного заказа превысила 1000 долларов.","SELECT o.order_id, o.order_date, c.first_name, c.last_name FROM orders o JOIN customer c ON o.customer_id = c.customer_id JOIN order_items oi ON o.order_id = oi.order_id WHERE o.order_status = 'Approved' GROUP BY o.order_id, o.order_date, c.first_name, c.last_name HAVING SUM(oi.quantity * oi.item_list_price_at_sale) > 1000;"
"Указать дни недели (например, Monday, Tuesday), в которые не было сделано ни одного онлайн-заказа.","SELECT DISTINCT TO_CHAR(order_date, 'FMDay') AS day_of_week FROM orders WHERE TO_CHAR(order_date, 'FMDay') NOT IN ( SELECT DISTINCT TO_CHAR(order_date, 'FMDay') FROM orders WHERE online_order = TRUE );"
"Найти имена всех клиентов, начинающиеся с буквы 'A'.",SELECT first_name FROM customer WHERE first_name LIKE 'A%';
"Найти названия профессий (""job_title"") клиентов, состоящие из трех и более слов.","SELECT job_title FROM customer WHERE job_title IS NOT NULL AND LENGTH(job_title) - LENGTH(REPLACE(job_title, ' ', '')) >= 2;"
"Для каждого утвержденного заказа, сделанного клиентом из штата 'NSW', вывести ID заказа, общую сумму заказа и имя клиента.","SELECT o.order_id, SUM(oi.quantity * oi.item_list_price_at_sale) AS total_sum, c.first_name, c.last_name FROM orders o JOIN customer c ON o.customer_id = c.customer_id JOIN order_items oi ON o.order_id = oi.order_id WHERE o.order_status = 'Approved' AND c.state = 'NSW' GROUP BY o.order_id, c.first_name, c.last_name;"
"Определить штаты, клиенты которых никогда не делали заказов.",SELECT state FROM customer WHERE customer_id NOT IN (SELECT DISTINCT customer_id FROM orders);
"Найти классы продуктов (""product_class""), хотя бы один товар из которых был продан в количестве более 10 штук в одной позиции утвержденного заказа.",SELECT DISTINCT p.product_class FROM order_items oi JOIN product p ON oi.product_id = p.product_id JOIN orders o ON oi.order_id = o.order_id WHERE o.order_status = 'Approved' AND oi.quantity > 10;
"Найти названия брендов продуктов, розничная цена которых равна ровно 100 долларам.",SELECT DISTINCT brand FROM product WHERE list_price = 100;
"Найти даты утвержденных заказов, в которых участвовали товары бренда 'Trek'.",SELECT DISTINCT o.order_date FROM orders o JOIN order_items oi ON o.order_id = oi.order_id JOIN product p ON oi.product_id = p.product_id WHERE o.order_status = 'Approved' AND p.brand = 'Trek';
"Найти бренды продуктов, у которых самая высокая розничная цена среди всех продуктов с такой же себестоимостью (""standard_cost"").",SELECT DISTINCT p1.brand FROM product p1 WHERE p1.list_price = ( SELECT MAX(p2.list_price) FROM product p2 WHERE p2.standard_cost = p1.standard_cost );
"Определить названия брендов и классы продуктов, которые можно считать ""премиальными"" (цена выше 1000 долларов), при этом их себестоимость составляет менее 50% от розничной цены.","SELECT brand, product_class FROM product WHERE list_price > 1000 AND standard_cost < (list_price * 0.5);"
"Определить среднее количество товаров в одной позиции утвержденного заказа для всех заказов, сделанных клиентами из сегмента ""High Net Worth"".",SELECT AVG(oi.quantity) AS avg_quantity FROM order_items oi JOIN orders o ON oi.order_id = o.order_id JOIN customer c ON o.customer_id = c.customer_id WHERE o.order_status = 'Approved' AND c.wealth_segment = 'High Net Worth';
"С точностью до 2-х десятичных знаков определить среднюю общую сумму чека для всех онлайн-заказов (""online_order = True"").","SELECT ROUND(AVG(order_total), 2) AS avg_check FROM ( SELECT o.order_id, SUM(oi.quantity * oi.item_list_price_at_sale) AS order_total FROM orders o JOIN order_items oi ON o.order_id = oi.order_id WHERE o.online_order = TRUE AND o.order_status = 'Approved' GROUP BY o.order_id ) AS sub;"
"Для каждого бренда продукта определить год, когда был сделан первый утвержденный заказ на продукт этого бренда.","SELECT p.brand, EXTRACT(YEAR FROM MIN(o.order_date)) AS first_year FROM product p JOIN order_items oi ON p.product_id = oi.product_id JOIN orders o ON oi.order_id = o.order_id WHERE o.order_status = 'Approved' GROUP BY p.brand;"
"Для каждого штата (""state"") определить число клиентов, которые никогда не делали заказов.","SELECT c.state, COUNT(*) AS non_buying_customers FROM customer c LEFT JOIN orders o ON c.customer_id = o.customer_id WHERE o.order_id IS NULL GROUP BY c.state;"
"Для штатов, в которых есть клиенты с оценкой имущества более 10000 и которые сделали хотя бы один заказ, вывести имя штата и общее количество их утвержденных заказов.","SELECT c.state, COUNT(o.order_id) AS total_approved_orders FROM customer c JOIN orders o ON c.customer_id = o.customer_id WHERE c.property_valuation > 10000 AND o.order_status = 'Approved' GROUP BY c.state;"
"Для каждой отрасли деятельности (""job_industry_category"") и каждого сегмента благосостояния (""wealth_segment"") найти процентное отношение числа клиентов этого сегмента к общему числу клиентов в этой отрасли.","WITH industry_totals AS ( SELECT job_industry_category, wealth_segment, COUNT(*) AS segment_count, SUM(COUNT(*)) OVER (PARTITION BY job_industry_category) AS industry_total FROM customer GROUP BY job_industry_category, wealth_segment ) SELECT job_industry_category, wealth_segment, ROUND((segment_count::DECIMAL / industry_total) * 100, 2) AS percentage FROM industry_totals;"
"Посчитать ""баланс лояльности"" для каждого клиента: сумма покупок минус количество отмененных заказов (каждый отмененный заказ считается как -1).","SELECT c.customer_id, COALESCE(SUM(oi.quantity * oi.item_list_price_at_sale), 0) - COALESCE(SUM(CASE WHEN o.order_status = 'Cancelled' THEN 1 ELSE 0 END), 0) AS loyalty_balance FROM customer c LEFT JOIN orders o ON c.customer_id = o.customer_id LEFT JOIN order_items oi ON o.order_id = oi.order_id GROUP BY c.customer_id;"
"Посчитать баланс средств на ""счете лояльности"" для каждого клиента на начало 2018 года, если баллы начисляются за каждый утвержденный заказ в 2017 году (1 доллар суммы заказа = 1 балл).","SELECT c.customer_id, COALESCE(SUM(oi.quantity * oi.item_list_price_at_sale), 0) AS loyalty_balance_2017 FROM customer c JOIN orders o ON c.customer_id = o.customer_id JOIN order_items oi ON o.order_id = oi.order_id WHERE o.order_status = 'Approved' AND o.order_date >= '2017-01-01' AND o.order_date < '2018-01-01' GROUP BY c.customer_id;"
Посчитать общую выручку от всех утвержденных заказов.,SELECT SUM(oi.quantity * oi.item_list_price_at_sale) AS total_revenue FROM orders o JOIN order_items oi ON o.order_id = oi.order_id WHERE o.order_status = 'Approved';
"Посчитать общую выручку от утвержденных заказов, сделанных клиентами из штата NSW.",SELECT SUM(oi.quantity * oi.item_list_price_at_sale) AS total_revenue_nsw FROM orders o JOIN customer c ON o.customer_id = c.customer_id JOIN order_items oi ON o.order_id = oi.order_id WHERE o.order_status = 'Approved' AND c.state = 'NSW';
"Определить имена клиентов, которые покупали один и тот же продукт (""product_id"") более одного раза в разные даты.","SELECT DISTINCT c.first_name, c.last_name FROM customer c JOIN orders o ON c.customer_id = o.customer_id JOIN order_items oi ON o.order_id = oi.order_id WHERE o.order_status = 'Approved' GROUP BY c.customer_id, c.first_name, c.last_name, oi.product_id HAVING COUNT(DISTINCT o.order_date) > 1;"
"Для каждого клиента и каждой даты его утвержденного заказа определить, покупал ли он в этот день товары класса ""Road Bikes"" или нет. Вывод: customer_id, дата, флаг наличия Road Bikes.","SELECT o.customer_id, o.order_date, BOOL_OR(p.product_class = 'Road Bikes') AS bought_road_bikes FROM orders o JOIN order_items oi ON o.order_id = oi.order_id JOIN product p ON oi.product_id = p.product_id WHERE o.order_status = 'Approved' GROUP BY o.customer_id, o.order_date;"
"Пронумеровать уникальные пары {brand, product_class} из таблицы ""product"", упорядочив их по возрастанию бренда, а затем по алфавиту класса.","SELECT brand, product_class, ROW_NUMBER() OVER (ORDER BY brand ASC, product_class ASC) AS row_num FROM (SELECT DISTINCT brand, product_class FROM product) AS sub;"
Для всех дней в интервале с 01/01/2017 по 07/01/2017 определить число утвержденных заказов от клиентов из штата VIC.,"SELECT o.order_date, COUNT(*) AS order_count FROM orders o JOIN customer c ON o.customer_id = c.customer_id WHERE o.order_status = 'Approved' AND c.state = 'VIC' AND o.order_date BETWEEN '2017-01-01' AND '2017-07-01' GROUP BY o.order_date ORDER BY o.order_date;"
"Найти пары (customer_id, product_id), которые встречаются в утвержденных заказах наибольшее число раз.","SELECT customer_id, product_id, count_purchases FROM ( SELECT o.customer_id, oi.product_id, COUNT(*) AS count_purchases, RANK() OVER (ORDER BY COUNT(*) DESC) as rnk FROM orders o JOIN order_items oi ON o.order_id = oi.order_id WHERE o.order_status = 'Approved' GROUP BY o.customer_id, oi.product_id ) AS sub WHERE rnk = 1;"
"Найти количество уникальных пар ""Штат клиента -> Класс продукта"", которые обслуживаются наибольшим числом позиций в утвержденных заказах.","SELECT COUNT(*) FROM ( SELECT state_product_pair, cnt, RANK() OVER (ORDER BY cnt DESC) as rnk FROM ( SELECT c.state || ' -> ' || p.product_class AS state_product_pair, COUNT(*) AS cnt FROM orders o JOIN customer c ON o.customer_id = c.customer_id JOIN order_items oi ON o.order_id = oi.order_id JOIN product p ON oi.product_id = p.product_id WHERE o.order_status = 'Approved' GROUP BY c.state, p.product_class ) AS inner_sub ) AS ranked_sub WHERE rnk = 1;"
"По таблицам ""orders"" и ""order_items"" для каждого клиента найти накопительную сумму покупок на конец каждого дня, в который он совершал утвержденные покупки.","SELECT o.customer_id, o.order_date, SUM(SUM(oi.quantity * oi.item_list_price_at_sale)) OVER ( PARTITION BY o.customer_id ORDER BY o.order_date ROWS BETWEEN UNBOUNDED PRECEDING AND CURRENT ROW ) AS running_total FROM orders o JOIN order_items oi ON o.order_id = oi.order_id WHERE o.order_status = 'Approved' GROUP BY o.customer_id, o.order_date ORDER BY o.customer_id, o.order_date;"
"Указать даты утвержденных заказов, в которых участвовали продукты от трех и более разных брендов.","SELECT DISTINCT o.order_date FROM orders o JOIN order_items oi ON o.order_id = oi.order_id JOIN product p ON oi.product_id = p.product_id WHERE o.order_status = 'Approved' GROUP BY o.order_id, o.order_date HAVING COUNT(DISTINCT p.brand) >= 3;"
"Найти бренды, все продукты которых имеют розничную цену выше средней розничной цены по всему каталогу.",SELECT brand FROM product GROUP BY brand HAVING MIN(list_price) > (SELECT AVG(list_price) FROM product);
"Среди клиентов, которые покупают товары только одного бренда, определить имена тех, кто сделал наибольшее количество утвержденных заказов.","WITH single_brand_customers AS ( SELECT o.customer_id FROM orders o JOIN order_items oi ON o.order_id = oi.order_id JOIN product p ON oi.product_id = p.product_id WHERE o.order_status = 'Approved' GROUP BY o.customer_id HAVING COUNT(DISTINCT p.brand) = 1 ) SELECT c.first_name, c.last_name, COUNT(o.order_id) AS order_count FROM customer c JOIN orders o ON c.customer_id = o.customer_id WHERE c.customer_id IN (SELECT customer_id FROM single_brand_customers) AND o.order_status = 'Approved' GROUP BY c.customer_id, c.first_name, c.last_name ORDER BY order_count DESC LIMIT 1;"
"Для каждого бренда продукта определить даты утвержденных заказов, в которых НЕ участвовали товары этого бренда.","SELECT DISTINCT b.brand, all_dates.order_date FROM (SELECT DISTINCT brand FROM product) b CROSS JOIN (SELECT DISTINCT order_date FROM orders WHERE order_status = 'Approved') all_dates EXCEPT SELECT p.brand, o.order_date FROM orders o JOIN order_items oi ON o.order_id = oi.order_id JOIN product p ON oi.product_id = p.product_id WHERE o.order_status = 'Approved';"
"Вывести все классы продуктов (""product_class"") для бренда ""Giant Bicycles"".",SELECT DISTINCT product_class FROM product WHERE brand = 'Giant Bicycles';
"Для тех брендов, у которых есть продукты, найти максимальные розничные цены для каждого класса продукции (""product_class"").","SELECT brand, product_class, MAX(list_price) AS max_price FROM product GROUP BY brand, product_class;"
"Определить разницу в днях между первым и последним утвержденным заказом для клиентов, которые всегда покупали товары разной розничной цены в каждом заказе.","WITH valid_customers AS ( SELECT o.customer_id FROM orders o JOIN order_items oi ON o.order_id = oi.order_id WHERE o.order_status = 'Approved' GROUP BY o.order_id, o.customer_id HAVING COUNT(oi.item_list_price_at_sale) = COUNT(DISTINCT oi.item_list_price_at_sale) ) SELECT vc.customer_id, MAX(o.order_date) - MIN(o.order_date) AS days_diff FROM valid_customers vc JOIN orders o ON vc.customer_id = o.customer_id WHERE o.order_status = 'Approved' GROUP BY vc.customer_id;"
"Определить дни, когда было выполнено максимальное число утвержденных заказов клиентами из штата NSW.","SELECT order_date, order_count FROM ( SELECT o.order_date, COUNT(*) AS order_count, RANK() OVER (ORDER BY COUNT(*) DESC) as rnk FROM orders o JOIN customer c ON o.customer_id = c.customer_id WHERE o.order_status = 'Approved' AND c.state = 'NSW' GROUP BY o.order_date ) AS sub WHERE rnk = 1;"
"Для каждого заказа определить первый и последний день месяца, в котором он был сделан.","SELECT order_id, DATE_TRUNC('month', order_date) AS first_day_of_month, (DATE_TRUNC('month', order_date) + INTERVAL '1 month - 1 day')::date AS last_day_of_month FROM orders;"
"Определить клиентов, которые потратили больше всего денег на утвержденные покупки за все время.","SELECT c.customer_id, c.first_name, c.last_name, SUM(oi.quantity * oi.item_list_price_at_sale) AS total_spent FROM customer c JOIN orders o ON c.customer_id = o.customer_id JOIN order_items oi ON o.order_id = oi.order_id WHERE o.order_status = 'Approved' GROUP BY c.customer_id, c.first_name, c.last_name ORDER BY total_spent DESC LIMIT 1;"
"Найти бренды, все продукты которых хоть раз продавались (присутствуют в таблице ""order_items"").",SELECT p.brand FROM product p WHERE p.product_id IN (SELECT DISTINCT product_id FROM order_items) GROUP BY p.brand HAVING COUNT(p.product_id) = ( SELECT COUNT(*) FROM product p2 WHERE p2.brand = p.brand AND p2.product_id IN (SELECT DISTINCT product_id FROM order_items) );
"Из таблицы ""order_items"" получить все записи за тот месяц и год, в котором суммарное количество проданных товаров (""quantity"") было максимальным.","WITH monthly_totals AS ( SELECT DATE_TRUNC('month', o.order_date) AS month_year, SUM(oi.quantity) AS total_qty FROM orders o JOIN order_items oi ON o.order_id = oi.order_id WHERE o.order_status = 'Approved' GROUP BY DATE_TRUNC('month', o.order_date) ), max_month AS ( SELECT month_year FROM monthly_totals ORDER BY total_qty DESC LIMIT 1 ) SELECT oi.* FROM order_items oi JOIN orders o ON oi.order_id = o.order_id WHERE o.order_status = 'Approved' AND DATE_TRUNC('month', o.order_date) = (SELECT month_year FROM max_month);"
"В наборе записей из таблицы ""product"", отсортированном по ""product_id"", найти среднее значение цены для каждой пятерки подряд идущих продуктов.","SELECT MIN(product_id) AS first_id_in_group, AVG(list_price) AS avg_price FROM ( SELECT product_id, list_price, (ROW_NUMBER() OVER (ORDER BY product_id) - 1) / 5 AS group_num FROM product ) AS sub GROUP BY group_num;"
"Определить названия всех клиентов, которые удовлетворяют как минимум четырем из следующих критериев: сегмент 'High Net Worth', наличие авто 'Yes', штат 'NSW', отрасль 'Financial Services', оценка имущества > 10000, пол 'Male'.","SELECT first_name, last_name FROM customer WHERE ( CASE WHEN wealth_segment = 'High Net Worth' THEN 1 ELSE 0 END + CASE WHEN owns_car = 'Yes' THEN 1 ELSE 0 END + CASE WHEN state = 'NSW' THEN 1 ELSE 0 END + CASE WHEN job_industry_category = 'Financial Services' THEN 1 ELSE 0 END + CASE WHEN property_valuation > 10000 THEN 1 ELSE 0 END + CASE WHEN gender = 'Male' THEN 1 ELSE 0 END ) >= 4;"
"Для каждой отрасли деятельности подсчитать количество утвержденных заказов, сделанных в январе 2017 года, сгруппировав их по декадам месяца (1-10, 11-20, 21-конец).","SELECT c.job_industry_category, CASE WHEN EXTRACT(DAY FROM o.order_date) BETWEEN 1 AND 10 THEN '1-10' WHEN EXTRACT(DAY FROM o.order_date) BETWEEN 11 AND 20 THEN '11-20' ELSE '21-end' END AS decade, COUNT(o.order_id) AS order_count FROM orders o JOIN customer c ON o.customer_id = c.customer_id WHERE o.order_status = 'Approved' AND o.order_date >= '2017-01-01' AND o.order_date < '2017-02-01' GROUP BY c.job_industry_category, decade ORDER BY c.job_industry_category, decade;"
"Найти бренды, которые выпускают продукты только класса ""Standard"" или только класса ""Touring"". При этом бренды класса ""Standard"" должны выпускать не менее 3 моделей.",SELECT brand FROM product GROUP BY brand HAVING COUNT(*) FILTER (WHERE product_class = 'Standard') >= 3 AND COUNT(*) FILTER (WHERE product_class != 'Standard') = 0 UNION ALL SELECT brand FROM product GROUP BY brand HAVING COUNT(*) FILTER (WHERE product_class = 'Touring') > 0 AND COUNT(*) FILTER (WHERE product_class != 'Touring') = 0;
"Для каждого бренда перечислить в алфавитном порядке с разделителем ""/"" все классы выпускаемой им продукции.","SELECT brand, STRING_AGG(DISTINCT product_class, '/' ORDER BY product_class) AS classes_list FROM product GROUP BY brand;"
"Найти клиентов из штата NSW, которые покупали товары более чем из 3 разных классов продуктов.","SELECT c.customer_id, c.first_name, c.last_name FROM customer c JOIN orders o ON c.customer_id = o.customer_id JOIN order_items oi ON o.order_id = oi.order_id JOIN product p ON oi.product_id = p.product_id WHERE c.state = 'NSW' AND o.order_status = 'Approved' GROUP BY c.customer_id, c.first_name, c.last_name HAVING COUNT(DISTINCT p.product_class) > 3;"
"Среди тех, кто покупает товары только одного бренда, определить имена клиентов, сделавших наибольшее число утвержденных заказов.","WITH single_brand_buyers AS ( SELECT o.customer_id FROM orders o JOIN order_items oi ON o.order_id = oi.order_id JOIN product p ON oi.product_id = p.product_id WHERE o.order_status = 'Approved' GROUP BY o.customer_id HAVING COUNT(DISTINCT p.brand) = 1 ) SELECT c.first_name, c.last_name, COUNT(o.order_id) AS order_count FROM customer c JOIN orders o ON c.customer_id = o.customer_id WHERE c.customer_id IN (SELECT customer_id FROM single_brand_buyers) AND o.order_status = 'Approved' GROUP BY c.customer_id, c.first_name, c.last_name ORDER BY order_count DESC LIMIT 1;"
"Найти бренды, у которых больше всего моделей в таблице ""product"", а также тех, у которых меньше всего моделей.","WITH brand_counts AS ( SELECT brand, COUNT(*) AS model_count FROM product GROUP BY brand ) SELECT brand, model_count FROM brand_counts WHERE model_count = (SELECT MAX(model_count) FROM brand_counts) OR model_count = (SELECT MIN(model_count) FROM brand_counts);"
"Вывести все строки из таблицы ""product"", кроме трех строк с наименьшими ""product_id"" и трех строк с наибольшими ""product_id"".",SELECT * FROM product WHERE product_id NOT IN ( SELECT product_id FROM product ORDER BY product_id ASC LIMIT 3 UNION ALL SELECT product_id FROM product ORDER BY product_id DESC LIMIT 3 );
"С точностью до двух десятичных знаков определить среднее количество товаров (""quantity"") в одной позиции утвержденного заказа.","SELECT ROUND(AVG(quantity), 2) AS avg_quantity FROM order_items oi JOIN orders o ON oi.order_id = o.order_id WHERE o.order_status = 'Approved';"
"Выбрать все утвержденные заказы, которые состояли только из товаров с ценой продажи выше средней цены продажи всех товаров, и при этом общая сумма заказа превышала 5000 долларов.","WITH avg_sale_price AS ( SELECT AVG(item_list_price_at_sale) AS avg_price FROM order_items ) SELECT o.order_id FROM orders o JOIN order_items oi ON o.order_id = oi.order_id CROSS JOIN avg_sale_price asp WHERE o.order_status = 'Approved' GROUP BY o.order_id, asp.avg_price HAVING MIN(oi.item_list_price_at_sale) > asp.avg_price AND SUM(oi.quantity * oi.item_list_price_at_sale) > 5000;"
Для каждого бренда продукта подсчитать количество дней между первой и последней датой утвержденного заказа на этот продукт.,"SELECT p.brand, MAX(o.order_date) - MIN(o.order_date) AS days_diff FROM product p JOIN order_items oi ON p.product_id = oi.product_id JOIN orders o ON oi.order_id = o.order_id WHERE o.order_status = 'Approved' GROUP BY p.brand;"
"Для семи последовательных дней, начиная с даты, когда из штата VIC было совершено максимальное число утвержденных заказов, определить число заказов от клиентов этого штата в каждый из этих дней.","WITH daily_orders AS ( SELECT o.order_date, COUNT(*) AS cnt FROM orders o JOIN customer c ON o.customer_id = c.customer_id WHERE o.order_status = 'Approved' AND c.state = 'VIC' GROUP BY o.order_date ), max_day AS ( SELECT order_date FROM daily_orders ORDER BY cnt DESC LIMIT 1 ) SELECT md.order_date + generate_series(0, 6) AS date_seq, COALESCE(d.cnt, 0) AS order_count FROM max_day md LEFT JOIN daily_orders d ON d.order_date = md.order_date + generate_series(0, 6);"
"Для каждого бренда продукта определить: количество проданных единиц, число различных утвержденных заказов, количество различных клиентов, общую выручку.","SELECT p.brand, SUM(oi.quantity) AS units_sold, COUNT(DISTINCT o.order_id) AS distinct_orders, COUNT(DISTINCT o.customer_id) AS distinct_customers, SUM(oi.quantity * oi.item_list_price_at_sale) AS total_revenue FROM product p JOIN order_items oi ON p.product_id = oi.product_id JOIN orders o ON oi.order_id = o.order_id WHERE o.order_status = 'Approved' GROUP BY p.brand;"
"При условии, что продукты бренда ""Trek"" продавались более одного раза, выбрать из них такие, которые входили в утвержденные заказы, содержащие также товары бренда ""Giant Bicycles"".","WITH trek_sales AS ( SELECT oi.order_id FROM order_items oi JOIN product p ON oi.product_id = p.product_id JOIN orders o ON oi.order_id = o.order_id WHERE p.brand = 'Trek' AND o.order_status = 'Approved' GROUP BY oi.order_id HAVING COUNT(*) > 1), mixed_orders AS ( SELECT DISTINCT oi.order_id FROM order_items oi JOIN product p ON oi.product_id = p.product_id JOIN orders o ON oi.order_id = o.order_id WHERE p.brand = 'Giant Bicycles' AND o.order_status = 'Approved' AND oi.order_id IN (SELECT order_id FROM trek_sales) ) SELECT DISTINCT p.product_id, p.product_line  FROM order_items oi JOIN product p ON oi.product_id = p.product_id WHERE p.brand = 'Trek' AND oi.order_id IN (SELECT order_id FROM mixed_orders);"
"Отобрать из таблицы ""product"" те строки, для которых выполняется условие: ""list_price"" > ""standard_cost"" * 1.5 И ""list_price"" > ""product_id"" * 1.5.","SELECT product_id, brand, product_line, product_class, product_size, list_price, standard_cost FROM product WHERE list_price > standard_cost * 1.5 AND list_price > product_id * 1.5;"
"Вывести список продуктов, где ""product_id"" является четным числом, а розничная цена (""list_price"") имеет нечетное целое значение.","SELECT product_id, brand, product_line, product_class, product_size, list_price, standard_cost FROM product WHERE product_id % 2 = 0 AND FLOOR(list_price) % 2 = 1;"
"Для каждой даты утвержденного заказа клиента определить дату его следующего утвержденного заказа. Если следующего нет, вывести NULL.","SELECT customer_id, order_date, LEAD(order_date) OVER (PARTITION BY customer_id ORDER BY order_date) AS next_order_date FROM orders WHERE order_status = 'Approved';"
"Вывести все позиции утвержденных заказов: дата заказа, номер позиции в заказе, ID клиента, сумма позиции, ID продукта, количество.","SELECT o.order_date, oi.order_item_id, o.customer_id, oi.quantity * oi.item_list_price_at_sale AS line_total, oi.product_id, oi.quantity FROM orders o JOIN order_items oi ON o.order_id = oi.order_id WHERE o.order_status = 'Approved';"
"Пронумеровать все продукты в таблице ""product"" по возрастанию ""product_id"". Разделить их на группы: новая группа начинается, когда встречается продукт с ценой ниже 500 долларов. Для каждой группы вывести: макс ""product_id"", кол-во уникальных брендов, средняя цена.","WITH grouped_products AS ( SELECT product_id, brand, list_price, SUM(CASE WHEN list_price < 500 THEN 1 ELSE 0 END) OVER (ORDER BY product_id) AS group_id FROM product ) SELECT group_id, MAX(product_id) AS max_product_id, COUNT(DISTINCT brand) AS unique_brands, AVG(list_price) AS avg_price FROM grouped_products GROUP BY group_id ORDER BY group_id;"
"Найти пары клиентов из разных штатов, которые сделали заказы в одну и ту же дату.","SELECT DISTINCT c1.customer_id AS cust1, c1.state AS state1, c2.customer_id AS cust2, c2.state AS state2, o1.order_date FROM orders o1 JOIN customer c1 ON o1.customer_id = c1.customer_id JOIN orders o2 ON o1.order_date = o2.order_date AND o1.customer_id != o2.customer_id JOIN customer c2 ON o2.customer_id = c2.customer_id WHERE c1.state != c2.state AND o1.order_status = 'Approved' AND o2.order_status = 'Approved';"
Выбрать три наименьших и три наибольших ID утвержденного заказа. Вывести их в одной строке.,"SELECT (SELECT array_agg(order_id ORDER BY order_id ASC) FROM (SELECT order_id FROM orders WHERE order_status = 'Approved' ORDER BY order_id ASC LIMIT 3) t1) AS min_ids, (SELECT array_agg(order_id ORDER BY order_id DESC) FROM (SELECT order_id FROM orders WHERE order_status = 'Approved' ORDER BY order_id DESC LIMIT 3) t2) AS max_ids;"
"Для каждого класса продукта пронумеровать все продукты этого класса по возрастанию ""product_id"".","SELECT product_class, product_id, ROW_NUMBER() OVER (PARTITION BY product_class ORDER BY product_id) AS row_num FROM product;"
"Пронумеровать строки таблицы ""product"" по возрастанию бренда. Внутри одного бренда нумерация по ""product_id"". Также присвоить каждому бренду порядковый номер по алфавиту.","SELECT brand, product_id, DENSE_RANK() OVER (ORDER BY brand) AS brand_rank, ROW_NUMBER() OVER (PARTITION BY brand ORDER BY product_id) AS product_rank_in_brand FROM product;"
"Для последовательности позиций утвержденных заказов, упорядоченных по дате и ID позиции, вычислить скользящее произведение количеств товаров с чередованием знака (умножение/деление).","WITH RECURSIVE ordered_items AS ( SELECT oi.order_item_id, o.order_date, oi.quantity, ROW_NUMBER() OVER (ORDER BY o.order_date, oi.order_item_id) as rn FROM order_items oi JOIN orders o ON oi.order_id = o.order_id WHERE o.order_status = 'Approved' ), calculation AS ( SELECT rn, order_item_id, order_date, quantity, CAST(quantity AS DOUBLE PRECISION) AS running_val FROM ordered_items WHERE rn = 1 UNION ALL SELECT oi.rn, oi.order_item_id, oi.order_date, oi.quantity, CASE WHEN oi.rn % 2 = 0 THEN c.running_val / oi.quantity ELSE c.running_val * oi.quantity END FROM ordered_items oi JOIN calculation c ON oi.rn = c.rn + 1 ) SELECT * FROM calculation;"
"Для пятого по счету клиента (по ID), сделавшего утвержденный заказ в январе 2017 года, определить его штат проживания, ID заказа и дату заказа.","WITH jan_customers AS ( SELECT DISTINCT o.customer_id FROM orders o WHERE o.order_status = 'Approved' AND o.order_date >= '2017-01-01' AND o.order_date < '2017-02-01' ORDER BY o.customer_id LIMIT 5 ) SELECT c.state, o.order_id, o.order_date FROM orders o JOIN customer c ON o.customer_id = c.customer_id WHERE o.customer_id = (SELECT customer_id FROM jan_customers ORDER BY customer_id DESC LIMIT 1) AND o.order_status = 'Approved' AND o.order_date >= '2017-01-01' AND o.order_date < '2017-02-01';"
"Найти утвержденные заказы, в которых сумма количеств трех самых дорогих позиций образует стороны правильного треугольника (сумма любых двух больше третьей).","WITH top3_expensive AS ( SELECT o.order_id, oi.quantity, ROW_NUMBER() OVER (PARTITION BY o.order_id ORDER BY oi.item_list_price_at_sale DESC) as rn FROM orders o JOIN order_items oi ON o.order_id = oi.order_id WHERE o.order_status = 'Approved' ), triangle_check AS ( SELECT order_id, SUM(quantity) FILTER (WHERE rn = 1) as q1, SUM(quantity) FILTER (WHERE rn = 2) as q2, SUM(quantity) FILTER (WHERE rn = 3) as q3 FROM top3_expensive WHERE rn <= 3 GROUP BY order_id HAVING COUNT(*) = 3 ) SELECT order_id FROM triangle_check WHERE (q1 + q2 > q3) AND (q1 + q3 > q2) AND (q2 + q3 > q1);"
"Вывести бренды, у которых нет продуктов дороже 1000 долларов, и бренды, у которых все продукты дороже 1000 долларов.","SELECT brand, 'No products > 1000' as type FROM product GROUP BY brand HAVING MAX(list_price) <= 1000 UNION ALL SELECT brand, 'All products > 1000' as type FROM product GROUP BY brand HAVING MIN(list_price) > 1000;"
"Определить имена клиентов, которые сделали утвержденный заказ в субботу, а следующий их утвержденный заказ был сделан в воскресенье.","WITH order_sequence AS ( SELECT o.customer_id, o.order_date, EXTRACT(DOW FROM o.order_date) AS day_of_week, LEAD(EXTRACT(DOW FROM o.order_date)) OVER (PARTITION BY o.customer_id ORDER BY o.order_date) AS next_day_of_week FROM orders o WHERE o.order_status = 'Approved' ) SELECT DISTINCT c.first_name, c.last_name FROM order_sequence os JOIN customer c ON os.customer_id = c.customer_id WHERE os.day_of_week = 6 -- Saturday AND os.next_day_of_week = 0; -- Sunday"
"Найти продукты, у которых розничная цена равна себестоимости, и цена находится в диапазоне от 100 до 1000 долларов.",SELECT * FROM product WHERE list_price = standard_cost AND list_price BETWEEN 100 AND 1000;
Сколько клиентов из штата NSW никогда не делали заказов?,SELECT COUNT(*) FROM customer c LEFT JOIN orders o ON c.customer_id = o.customer_id WHERE c.state = 'NSW' AND o.order_id IS NULL;
"Для каждого продукта вычислить, сколько долларов нужно добавить к его текущей цене, чтобы она стала равна 1000 долларам.","SELECT product_id, list_price, 1000 - list_price AS amount_to_add FROM product WHERE list_price < 1000;"
"Определить имена клиентов и ID продуктов, которые эти клиенты покупали чаще всего (максимальное количество повторений покупки одного и того же продукта).","WITH purchase_counts AS ( SELECT o.customer_id, oi.product_id, COUNT(*) as cnt, RANK() OVER (PARTITION BY o.customer_id ORDER BY COUNT(*) DESC) as rnk FROM orders o JOIN order_items oi ON o.order_id = oi.order_id WHERE o.order_status = 'Approved' GROUP BY o.customer_id, oi.product_id ) SELECT c.first_name, c.last_name, pc.product_id, pc.cnt FROM purchase_counts pc JOIN customer c ON pc.customer_id = c.customer_id WHERE pc.rnk = 1;"
"Найти утвержденные заказы, где количества товаров в позициях образуют арифметическую прогрессию.","WITH sorted_quantities AS ( SELECT o.order_id, oi.quantity, ROW_NUMBER() OVER (PARTITION BY o.order_id ORDER BY oi.quantity) as rn FROM orders o JOIN order_items oi ON o.order_id = oi.order_id WHERE o.order_status = 'Approved' ), progression_check AS ( SELECT order_id, MAX(CASE WHEN rn = 1 THEN quantity END) as q1, MAX(CASE WHEN rn = 2 THEN quantity END) as q2, MAX(CASE WHEN rn = 3 THEN quantity END) as q3, COUNT(*) as cnt FROM sorted_quantities GROUP BY order_id ) SELECT order_id FROM progression_check WHERE cnt = 3 AND (q2 - q1) = (q3 - q2);"
"Найти непрерывные интервалы дат, в которые ежедневно совершались хотя бы один утвержденный заказ.","WITH daily_orders AS ( SELECT DISTINCT order_date FROM orders WHERE order_status = 'Approved' ), grouped_dates AS ( SELECT order_date, order_date - INTERVAL '1 day' * ROW_NUMBER() OVER (ORDER BY order_date) AS grp FROM daily_orders ) SELECT MIN(order_date) AS start_date, MAX(order_date) AS end_date FROM grouped_dates GROUP BY grp ORDER BY start_date;"
"Для каждого бренда найти максимальное значение из: ""list_price * 5"", ""standard_cost * 3"", ""product_id"".","SELECT brand, MAX(GREATEST(list_price * 5, standard_cost * 3, product_id)) AS max_value FROM product GROUP BY brand;"
Для каждой даты утвержденного заказа определить дату следующего високосного года.,"SELECT order_date, CASE WHEN EXTRACT(YEAR FROM order_date) % 4 = 0 AND (EXTRACT(YEAR FROM order_date) % 100 != 0 OR EXTRACT(YEAR FROM order_date) % 400 = 0) THEN order_date + INTERVAL '4 years' ELSE MAKE_DATE( (EXTRACT(YEAR FROM order_date)::int + (4 - EXTRACT(YEAR FROM order_date)::int % 4)), EXTRACT(MONTH FROM order_date)::int, EXTRACT(DAY FROM order_date)::int ) END AS next_leap_year_date FROM orders WHERE order_status = 'Approved';"
"Сгруппировать все утвержденные заказы по месяцам. Вывести только те месяцы, в которых было более 10 заказов.","SELECT DATE_TRUNC('month', order_date) AS month_year, COUNT(*) AS order_count FROM orders WHERE order_status = 'Approved' GROUP BY DATE_TRUNC('month', order_date) HAVING COUNT(*) > 10;"
"Для каждого бренда вычислить среднее арифметическое, геометрическое и квадратичное цен продаж его товаров.","SELECT p.brand, AVG(oi.item_list_price_at_sale) AS arithmetic_mean, EXP(AVG(LN(oi.item_list_price_at_sale))) AS geometric_mean, SQRT(AVG(POWER(oi.item_list_price_at_sale, 2))) AS quadratic_mean FROM product p JOIN order_items oi ON p.product_id = oi.product_id JOIN orders o ON oi.order_id = o.order_id WHERE o.order_status = 'Approved' GROUP BY p.brand;"
"Для каждого продукта указать дату первого утвержденного заказа, в котором он участвовал.","SELECT p.product_id, MIN(o.order_date) AS first_order_date FROM product p JOIN order_items oi ON p.product_id = oi.product_id JOIN orders o ON oi.order_id = o.order_id WHERE o.order_status = 'Approved' GROUP BY p.product_id;"
"Найти клиентов, которые живут в штате, отличном от NSW","SELECT customer_id, first_name, last_name, state FROM customer WHERE state != 'NSW' LIMIT 1000;"
"Пронумеровать продукты в таблице ""product"" по группам брендов, внутри группы по ""product_id"".","SELECT brand, product_id, ROW_NUMBER() OVER (PARTITION BY brand ORDER BY product_id) AS row_num_in_brand FROM product LIMIT 1000; "
"Среди клиентов, покупавших товары не менее двух разных брендов, найти тех, кто купил одинаковое количество товаров каждого из этих брендов.","WITH brand_counts AS ( SELECT o.customer_id, p.brand, SUM(oi.quantity) AS total_qty FROM orders o JOIN order_items oi ON o.order_id = oi.order_id JOIN product p ON oi.product_id = p.product_id WHERE o.order_status = 'Approved' GROUP BY o.customer_id, p.brand ), multi_brand_customers AS ( SELECT customer_id FROM brand_counts GROUP BY customer_id HAVING COUNT(DISTINCT brand) >= 2 AND COUNT(DISTINCT total_qty) = 1) SELECT c.customer_id, c.first_name, c.last_name, bc.brand, bc.total_qty FROM multi_brand_customers mbc JOIN customer c ON mbc.customer_id = c.customer_id JOIN brand_counts bc ON mbc.customer_id = bc.customer_id ORDER BY c.customer_id, bc.brand;"
"Определить имена клиентов, которые сделали два утвержденных заказа подряд в один и тот же день недели.","WITH order_weekdays AS ( SELECT customer_id, EXTRACT(DOW FROM order_date) AS day_of_week, LAG(EXTRACT(DOW FROM order_date)) OVER (PARTITION BY customer_id ORDER BY order_date) AS prev_day_of_week FROM orders WHERE order_status = 'Approved' ) SELECT DISTINCT c.first_name, c.last_name FROM order_weekdays ow JOIN customer c ON ow.customer_id = c.customer_id WHERE ow.day_of_week = ow.prev_day_of_week;"
"Для клиента с максимальным количеством заказов вывести его имя, а также имена предыдущего и следующего клиента по ID.","WITH max_orders_customer AS ( SELECT customer_id FROM orders WHERE order_status = 'Approved' GROUP BY customer_id ORDER BY COUNT(*) DESC LIMIT 1 ), neighbors AS ( SELECT customer_id, LAG(first_name || ' ' || last_name) OVER (ORDER BY customer_id) AS prev_name, first_name || ' ' || last_name AS current_name, LEAD(first_name || ' ' || last_name) OVER (ORDER BY customer_id) AS next_name FROM customer ) SELECT prev_name, current_name, next_name FROM neighbors WHERE customer_id = (SELECT customer_id FROM max_orders_customer);"
Найти среднее арифметическое цен: самых дешевых товаров брендов с низкой средней себестоимостью и самых дорогих товаров брендов с высокой средней ценой.,"WITH brand_stats AS ( SELECT brand, AVG(standard_cost) AS avg_cost, AVG(list_price) AS avg_price FROM product GROUP BY brand ), extreme_brands AS ( SELECT (SELECT brand FROM brand_stats ORDER BY avg_cost ASC LIMIT 1) AS low_cost_brand, (SELECT brand FROM brand_stats ORDER BY avg_price DESC LIMIT 1) AS high_price_brand ) SELECT AVG(sub.price_val) AS final_avg FROM ( SELECT MIN(list_price) AS price_val FROM product WHERE brand = (SELECT low_cost_brand FROM extreme_brands) UNION ALL SELECT MAX(list_price) AS price_val FROM product WHERE brand = (SELECT high_price_brand FROM extreme_brands) ) AS sub;"
"Сравнить ежедневную выручку от клиентов NSW и VIC. Вывести даты, где выручка NSW > VIC, VIC > NSW или равны.","WITH daily_revenue AS ( SELECT o.order_date, c.state, SUM(oi.quantity * oi.item_list_price_at_sale) AS revenue FROM orders o JOIN customer c ON o.customer_id = c.customer_id JOIN order_items oi ON o.order_id = oi.order_id WHERE o.order_status = 'Approved' AND c.state IN ('NSW', 'VIC') GROUP BY o.order_date, c.state ), pivoted AS ( SELECT order_date, COALESCE(SUM(CASE WHEN state = 'NSW' THEN revenue ELSE 0 END), 0) AS nsw_rev, COALESCE(SUM(CASE WHEN state = 'VIC' THEN revenue ELSE 0 END), 0) AS vic_rev FROM daily_revenue GROUP BY order_date ) SELECT order_date, CASE WHEN nsw_rev > vic_rev THEN 'NSW > VIC' WHEN vic_rev > nsw_rev THEN 'VIC > NSW' ELSE 'Equal' END AS comparison FROM pivoted WHERE nsw_rev > 0 OR vic_rev > 0;"
"Найти минимальный и максимальный отсутствующий ""product_id"" в диапазоне от мин до макс существующих ID.","WITH bounds AS ( SELECT MIN(product_id) AS min_id, MAX(product_id) AS max_id FROM product ), all_ids AS ( SELECT generate_series(min_id, max_id) AS id FROM bounds ) SELECT MIN(a.id) AS min_missing, MAX(a.id) AS max_missing FROM all_ids a LEFT JOIN product p ON a.id = p.product_id WHERE p.product_id IS NULL;"
"Вывести список утвержденных заказов в две колонки: первая половина заказов по дате, вторая половина.","WITH ordered_orders AS ( SELECT order_id, order_date, ROW_NUMBER() OVER (ORDER BY order_date, order_id) AS rn, COUNT(*) OVER () AS total_count FROM orders WHERE order_status = 'Approved' ) SELECT MAX(CASE WHEN rn <= CEIL(total_count::DECIMAL / 2) THEN order_id END) AS first_half_id, MAX(CASE WHEN rn > CEIL(total_count::DECIMAL / 2) THEN order_id END) AS second_half_id FROM ordered_orders GROUP BY CASE WHEN rn <= CEIL(total_count::DECIMAL / 2) THEN rn ELSE rn - CEIL(total_count::DECIMAL / 2) END ORDER BY CASE WHEN rn <= CEIL(total_count::DECIMAL / 2) THEN rn ELSE rn - CEIL(total_count::DECIMAL / 2) END;"
"Выбрать бренды, названия которых содержат минимум 2 разные гласные буквы, и каждая гласная встречается одинаковое число раз.","SELECT brand FROM product GROUP BY brand HAVING (LENGTH(LOWER(brand)) - LENGTH(REPLACE(LOWER(brand), 'a', ''))) AS cnt_a, (LENGTH(LOWER(brand)) - LENGTH(REPLACE(LOWER(brand), 'e', ''))) AS cnt_e, (LENGTH(LOWER(brand)) - LENGTH(REPLACE(LOWER(brand), 'i', ''))) AS cnt_i, (LENGTH(LOWER(brand)) - LENGTH(REPLACE(LOWER(brand), 'o', ''))) AS cnt_o, (LENGTH(LOWER(brand)) - LENGTH(REPLACE(LOWER(brand), 'u', ''))) AS cnt_u SELECT brand FROM ( SELECT brand, ARRAY[ NULLIF(LENGTH(LOWER(brand)) - LENGTH(REPLACE(LOWER(brand), 'a', '')), 0), NULLIF(LENGTH(LOWER(brand)) - LENGTH(REPLACE(LOWER(brand), 'e', '')), 0), NULLIF(LENGTH(LOWER(brand)) - LENGTH(REPLACE(LOWER(brand), 'i', '')), 0), NULLIF(LENGTH(LOWER(brand)) - LENGTH(REPLACE(LOWER(brand), 'o', '')), 0), NULLIF(LENGTH(LOWER(brand)) - LENGTH(REPLACE(LOWER(brand), 'u', '')), 0) ] AS vowel_counts FROM product ) sub WHERE array_length(array_remove(vowel_counts, NULL), 1) >= 2 AND (SELECT bool_and(val = first_val) FROM unnest(array_remove(vowel_counts, NULL)) AS val, (SELECT min(val) FROM unnest(array_remove(vowel_counts, NULL)) AS val) AS t(first_val)) ;"
Вывести ID утвержденного заказа и его представление в двоичной системе счисления.,"SELECT order_id, TO_CHAR(order_id, 'FM00000000000000000000000000000000')::bit(32)::text AS binary_repr FROM orders WHERE order_status = 'Approved';"
"Распределить продукты из таблицы ""product"" по трем столбцам по порядку ""product_id"".","SELECT MAX(CASE WHEN rn % 3 = 1 THEN product_id END) AS col_1, MAX(CASE WHEN rn % 3 = 2 THEN product_id END) AS col_2, MAX(CASE WHEN rn % 3 = 0 THEN product_id END) AS col_3 FROM ( SELECT product_id, ROW_NUMBER() OVER (ORDER BY product_id) AS rn FROM product ) AS sub GROUP BY (rn - 1) / 3;"
"Найти продукты, которые никогда не продавались (нет в ""order_items"").","SELECT p.product_id, p.brand, p.product_line, p.product_class, p.list_price FROM product p LEFT JOIN order_items oi ON p.product_id = oi.product_id WHERE oi.product_id IS NULL;"
В пределах каждого месяца найти дату последнего утвержденного заказа.,"SELECT DATE_TRUNC('month', order_date) AS month_year, MAX(order_date) AS last_order_date FROM orders WHERE order_status = 'Approved' GROUP BY DATE_TRUNC('month', order_date);"
"Для каждого клиента, в имени которого есть небуквенные символы, вывести позицию первого такого символа.","SELECT first_name, POSITION(SUBSTRING(first_name FROM '[^A-Za-z]') IN first_name) AS pos_first_non_alpha FROM customer WHERE first_name ~ '[^A-Za-z]';"
"Для каждой пятой модели продукта (по ""product_id"") определить её класс и среднюю цену всех продуктов этого класса.","WITH fifth_products AS ( SELECT product_id, product_class, ROW_NUMBER() OVER (ORDER BY product_id) AS rn FROM product ) SELECT fp.product_id, fp.product_class, AVG(p.list_price) AS avg_class_price FROM fifth_products fp JOIN product p ON fp.product_class = p.product_class WHERE fp.rn % 5 = 0 GROUP BY fp.product_id, fp.product_class;"
"Вывести имена клиентов, которые покупали товары из наибольшего количества разных классов продуктов.","WITH class_counts AS ( SELECT o.customer_id, COUNT(DISTINCT p.product_class) AS distinct_classes FROM orders o JOIN order_items oi ON o.order_id = oi.order_id JOIN product p ON oi.product_id = p.product_id WHERE o.order_status = 'Approved' GROUP BY o.customer_id ) SELECT c.first_name, c.last_name, cc.distinct_classes FROM class_counts cc JOIN customer c ON cc.customer_id = c.customer_id WHERE cc.distinct_classes = (SELECT MAX(distinct_classes) FROM class_counts);"
"Вывести штаты, клиенты которых не участвовали ни в одном утвержденном заказе.",SELECT DISTINCT c.state FROM customer c WHERE NOT EXISTS ( SELECT 1 FROM orders o WHERE o.customer_id = c.customer_id AND o.order_status = 'Approved' );
"Определить количество утвержденных заказов в каждом десятилетии (2010s, 2020s и т.д.).","SELECT (EXTRACT(YEAR FROM order_date)::INT / 10) * 10 || 's' AS decade, COUNT(*) AS order_count FROM orders WHERE order_status = 'Approved' GROUP BY decade ORDER BY decade;"
Для каждого клиента определить количество дней в январе 2017 года между его первым и последним утвержденным заказом.,"SELECT c.customer_id, c.first_name, c.last_name, MAX(o.order_date) - MIN(o.order_date) AS days_diff_jan_2017 FROM customer c JOIN orders o ON c.customer_id = o.customer_id WHERE o.order_status = 'Approved' AND o.order_date >= '2017-01-01' AND o.order_date < '2017-02-01' GROUP BY c.customer_id, c.first_name, c.last_name;"
"Среди клиентов, покупавших товары только одного бренда, определить тех, кто сделал заказы в один и тот же штат не менее 2-х раз.","WITH single_brand_buyers AS ( SELECT o.customer_id FROM orders o JOIN order_items oi ON o.order_id = oi.order_id JOIN product p ON oi.product_id = p.product_id WHERE o.order_status = 'Approved' GROUP BY o.customer_id HAVING COUNT(DISTINCT p.brand) = 1 ) SELECT c.customer_id, c.first_name, c.last_name, COUNT(o.order_id) AS order_count FROM customer c JOIN orders o ON c.customer_id = o.customer_id WHERE c.customer_id IN (SELECT customer_id FROM single_brand_buyers) AND o.order_status = 'Approved' GROUP BY c.customer_id, c.first_name, c.last_name HAVING COUNT(o.order_id) >= 2;"
"Для каждого утвержденного заказа определить дату последней пятницы месяца, в котором он был сделан.","SELECT order_id, order_date, (DATE_TRUNC('month', order_date) + INTERVAL '1 month - 1 day')::date - EXTRACT(DOW FROM (DATE_TRUNC('month', order_date) + INTERVAL '1 month - 1 day')::date)::int + CASE WHEN EXTRACT(DOW FROM (DATE_TRUNC('month', order_date) + INTERVAL '1 month - 1 day')::date) >= 5 THEN 0 ELSE - (7 - (5 - EXTRACT(DOW FROM (DATE_TRUNC('month', order_date) + INTERVAL '1 month - 1 day')::date))) END AS last_friday FROM orders WHERE order_status = 'Approved';"
"Найти бренды, которые производят продукты как с самой низкой, так и с самой высокой ценой в своем ассортименте.",SELECT brand FROM product GROUP BY brand HAVING MIN(list_price) = (SELECT MIN(list_price) FROM product) AND MAX(list_price) = (SELECT MAX(list_price) FROM product);
Для каждой пары последовательных дат утвержденных заказов найти сумму стоимостей заказов в интервале между ними.,"WITH daily_totals AS ( SELECT order_date, SUM(quantity * item_list_price_at_sale) AS daily_sum FROM orders o JOIN order_items oi ON o.order_id = oi.order_id WHERE o.order_status = 'Approved' GROUP BY order_date ), lagged AS ( SELECT order_date, daily_sum, LAG(order_date) OVER (ORDER BY order_date) AS prev_date, LAG(daily_sum) OVER (ORDER BY order_date) AS prev_sum FROM daily_totals ) SELECT prev_date AS date1, order_date AS date2, daily_sum + COALESCE(prev_sum, 0) AS sum_between -- Или просто сумма двух дней FROM lagged WHERE prev_date IS NOT NULL;"
"Для продукта с максимальным ""product_id"" вывести все его характеристики в виде пар ""имя_столбца: значение"".","SELECT json_build_object( 'product_id', p.product_id, 'brand', p.brand, 'product_line', p.product_line, 'product_class', p.product_class, 'list_price', p.list_price, 'standard_cost', p.standard_cost ) AS product_details FROM product p WHERE product_id = (SELECT MAX(product_id) FROM product);"
"Пронумеровать строки из таблицы ""product"" по убыванию количества моделей у бренда, затем по алфавиту бренда, затем по ""product_id"".","SELECT brand, product_id, ROW_NUMBER() OVER ( ORDER BY (SELECT COUNT(*) FROM product p2 WHERE p2.brand = p.brand) DESC, brand ASC, product_id ASC ) AS global_rank FROM product p;"
Для клиентов с именем из трех и более слов заменить средние слова на звездочки.,"SELECT first_name, CASE WHEN array_length(string_to_array(first_name, ' '), 1) >= 3 THEN (string_to_array(first_name, ' '))[1] || ' *** ' || (string_to_array(first_name, ' '))[array_length(string_to_array(first_name, ' '), 1)] ELSE first_name END AS masked_name FROM customer;"
"Найти минимальную дату, после которой каждый из брендов был продан хотя бы один раз.","SELECT MAX(first_sale_date) AS min_date_all_brands_sold FROM ( SELECT p.brand, MIN(o.order_date) AS first_sale_date FROM product p JOIN order_items oi ON p.product_id = oi.product_id JOIN orders o ON oi.order_id = o.order_id WHERE o.order_status = 'Approved' GROUP BY p.brand ) AS sub;"
"Для каждого клиента определить даты заказов, непосредственно предшествующие и следующие за его периодом активности.","SELECT customer_id, order_date, LAG(order_date) OVER (PARTITION BY customer_id ORDER BY order_date) AS prev_order_date, LEAD(order_date) OVER (PARTITION BY customer_id ORDER BY order_date) AS next_order_date FROM orders WHERE order_status = 'Approved';"
"Найти клиентов, дата рождения которых раньше 1980 года.","SELECT first_name, last_name, DOB FROM customer WHERE DOB < '1980-01-01' LIMIT 1000; "
Для каждого бренда подсчитать количество продуктов с неуникальной для этого бренда ценой.,"SELECT brand, COUNT(*) AS non_unique_price_count FROM ( SELECT brand, list_price, COUNT(*) OVER (PARTITION BY brand, list_price) AS cnt FROM product ) AS sub WHERE cnt > 1 GROUP BY brand;"
"Объединить продукты в одну таблицу с нумерацией: сначала первые по ID, потом последние, потом вторые и т.д.","WITH ranked AS ( SELECT product_id, brand, list_price, ROW_NUMBER() OVER (ORDER BY product_id) AS rn_asc, ROW_NUMBER() OVER (ORDER BY product_id DESC) AS rn_desc FROM product ) SELECT product_id, brand, list_price, ROW_NUMBER() OVER ( ORDER BY CASE WHEN rn_asc <= rn_desc THEN rn_asc * 2 - 1 ELSE rn_desc * 2 END ) AS custom_order FROM ranked ORDER BY custom_order;"
"Для каждого штата найти дни, когда совпали дата рождения клиента и дата утвержденного заказа другого клиента из этого штата.","SELECT DISTINCT c1.state, c1.DOB AS match_date FROM customer c1 JOIN orders o ON c1.DOB = o.order_date JOIN customer c2 ON o.customer_id = c2.customer_id WHERE c1.customer_id != c2.customer_id AND o.order_status = 'Approved' AND c1.state = c2.state;"
Для каждой даты утвержденного заказа определить возраст клиента на дату следующего утвержденного заказа.,"WITH order_seq AS ( SELECT o.customer_id, o.order_date, c.DOB, LEAD(o.order_date) OVER (PARTITION BY o.customer_id ORDER BY o.order_date) AS next_order_date FROM orders o JOIN customer c ON o.customer_id = c.customer_id WHERE o.order_status = 'Approved' ) SELECT customer_id, order_date, next_order_date, EXTRACT(YEAR FROM AGE(next_order_date, DOB)) AS age_at_next_order FROM order_seq WHERE next_order_date IS NOT NULL;"
"Для каждого клиента вывести список ID его утвержденных заказов, отсортированный по сумме заказа.","SELECT o.customer_id, STRING_AGG(o.order_id::TEXT, ',' ORDER BY order_total DESC) AS order_ids_by_sum FROM orders o JOIN ( SELECT order_id, SUM(quantity * item_list_price_at_sale) AS order_total FROM order_items GROUP BY order_id ) ot ON o.order_id = ot.order_id WHERE o.order_status = 'Approved' GROUP BY o.customer_id;"
"Для всех клиентов, которые никогда не отменяли заказы, определить количество их утвержденных заказов.","SELECT c.customer_id, COUNT(o.order_id) AS approved_order_count FROM customer c JOIN orders o ON c.customer_id = o.customer_id WHERE o.order_status = 'Approved' AND c.customer_id NOT IN ( SELECT customer_id FROM orders WHERE order_status = 'Cancelled' ) GROUP BY c.customer_id;"
Определить прирост ежедневной выручки относительно среднего за два предыдущих дня с выручкой.,"WITH daily_rev AS ( SELECT order_date, SUM(quantity * item_list_price_at_sale) AS rev FROM orders o JOIN order_items oi ON o.order_id = oi.order_id WHERE o.order_status = 'Approved' GROUP BY order_date ), lagged_rev AS ( SELECT order_date, rev, LAG(rev, 1) OVER (ORDER BY order_date) AS rev_1, LAG(rev, 2) OVER (ORDER BY order_date) AS rev_2 FROM daily_rev ) SELECT order_date, rev, rev - COALESCE((rev_1 + rev_2) / 2, 0) AS growth_vs_prev_2_days_avg FROM lagged_rev WHERE rev_1 IS NOT NULL AND rev_2 IS NOT NULL;"
Для каждой позиции заказа найти предыдущую позицию с тем же продуктом в том же заказе.,"SELECT order_item_id, order_id, product_id, quantity, LAG(order_item_id) OVER (PARTITION BY order_id, product_id ORDER BY order_item_id) AS prev_item_id_same_product FROM order_items;"
"Найти пары утвержденных заказов, содержащих идентичные наборы продуктов.","WITH order_products AS ( SELECT o.order_id, ARRAY_AGG(oi.product_id ORDER BY oi.product_id) AS product_set FROM orders o JOIN order_items oi ON o.order_id = oi.order_id WHERE o.order_status = 'Approved' GROUP BY o.order_id ) SELECT op1.order_id AS order_1, op2.order_id AS order_2 FROM order_products op1 JOIN order_products op2 ON op1.product_set = op2.product_set AND op1.order_id < op2.order_id;"
Для каждого непроданного продукта вывести список всех дат утвержденных заказов.,"SELECT p.product_id, ARRAY[]::DATE[] AS order_dates  FROM product p WHERE NOT EXISTS ( SELECT 1 FROM order_items oi WHERE oi.product_id = p.product_id );"
Для каждого клиента вычислить максимальную разницу в суммах между любыми двумя его утвержденными заказами.,"WITH client_order_totals AS ( SELECT o.customer_id, SUM(oi.quantity * oi.item_list_price_at_sale) AS order_total FROM orders o JOIN order_items oi ON o.order_id = oi.order_id WHERE o.order_status = 'Approved' GROUP BY o.customer_id, o.order_id ) SELECT customer_id, MAX(order_total) - MIN(order_total) AS max_diff FROM client_order_totals GROUP BY customer_id;"
"Вывести заказы, даты которых отстоят более чем на 2 месяца от максимальной даты в базе.",SELECT * FROM orders WHERE order_date < (SELECT MAX(order_date) - INTERVAL '2 months' FROM orders);
Для каждого утвержденного заказа вывести список ID продуктов через запятую.,"SELECT o.order_id, STRING_AGG(oi.product_id::TEXT, ',' ORDER BY oi.product_id) AS product_ids FROM orders o JOIN order_items oi ON o.order_id = oi.order_id WHERE o.order_status = 'Approved' GROUP BY o.order_id;"
Вывести 10 последних утвержденных заказов.,"SELECT * FROM orders WHERE order_status = 'Approved' ORDER BY order_date DESC, order_id DESC LIMIT 10;"
"Найти топ-5 клиентов по общей сумме покупок в 2017 году, которые при этом живут в штате NSW.","SELECT c.customer_id, c.first_name, c.last_name, SUM(oi.quantity * oi.item_list_price_at_sale) AS total_spent_2017 FROM customer c JOIN orders o ON c.customer_id = o.customer_id JOIN order_items oi ON o.order_id = oi.order_id WHERE c.state = 'NSW' AND o.order_status = 'Approved' AND o.order_date >= '2017-01-01' AND o.order_date < '2018-01-01' GROUP BY c.customer_id, c.first_name, c.last_name ORDER BY total_spent_2017 DESC LIMIT 5;"
"Определить процент клиентов, которые сделали хотя бы один онлайн-заказ, от общего числа клиентов.","SELECT ROUND( 100.0 * COUNT(DISTINCT CASE WHEN o.online_order = TRUE THEN o.customer_id END) / NULLIF(COUNT(DISTINCT c.customer_id), 0), 2) AS online_customer_percentage FROM customer c LEFT JOIN orders o ON c.customer_id = o.customer_id;"
"Найти продукты, которые были проданы во всех штатах, где есть клиенты","WITH all_states AS ( SELECT DISTINCT state FROM customer ), product_states AS ( SELECT DISTINCT oi.product_id, c.state FROM order_items oi JOIN orders o ON oi.order_id = o.order_id JOIN customer c ON o.customer_id = c.customer_id WHERE o.order_status = 'Approved' ) SELECT ps.product_id FROM product_states ps GROUP BY ps.product_id HAVING COUNT(DISTINCT ps.state) = (SELECT COUNT(*) FROM all_states);"
"Вывести список брендов, у которых средняя себестоимость товара (из таблицы ""product"") выше средней розничной цены товара (из таблицы ""product"").",SELECT brand FROM product GROUP BY brand HAVING AVG(standard_cost) > AVG(list_price);
"Найти клиентов, которые сделали заказ в свой день рождения (совпадение даты заказа и DOB).","SELECT DISTINCT c.customer_id, c.first_name, c.last_name FROM customer c JOIN orders o ON c.customer_id = o.customer_id WHERE EXTRACT(MONTH FROM o.order_date) = EXTRACT(MONTH FROM c.DOB) AND EXTRACT(DAY FROM o.order_date) = EXTRACT(DAY FROM c.DOB);"
Определить самый популярный день недели для совершения заказов.,"SELECT TO_CHAR(order_date, 'Day') AS day_of_week, COUNT(*) AS order_count FROM orders WHERE order_status = 'Approved' GROUP BY day_of_week ORDER BY order_count DESC LIMIT 1;"
"Найти продукты, цена которых изменилась (разница между ""list_price"" в ""product"" и ""item_list_price_at_sale"" в ""order_items"" больше 10%) хотя бы в одном заказе.","SELECT DISTINCT p.product_id, p.brand, p.product_line FROM product p JOIN order_items oi ON p.product_id = oi.product_id WHERE ABS(p.list_price - oi.item_list_price_at_sale) / NULLIF(p.list_price, 0) > 0.10;"
"Вывести клиентов, которые никогда не покупали товары класса ""Accessories"".","SELECT c.customer_id, c.first_name, c.last_name FROM customer c WHERE NOT EXISTS ( SELECT 1 FROM orders o JOIN order_items oi ON o.order_id = oi.order_id JOIN product p ON oi.product_id = p.product_id WHERE o.customer_id = c.customer_id AND p.product_class = 'Accessories' AND o.order_status = 'Approved' );"
"Рассчитать коэффициент конверсии: отношение числа клиентов, сделавших заказ, к общему числу клиентов.","SELECT ROUND( 100.0 * COUNT(DISTINCT o.customer_id) / NULLIF((SELECT COUNT(*) FROM customer), 0), 2) AS conversion_rate_percent FROM orders o;"
"Найти заказы, в которых общая скидка (разница между суммой ""list_price"" из ""product"" и суммой ""item_list_price_at_sale"" из ""order_items"") превысила 20% от общей стоимости по прайсу.",SELECT o.order_id FROM orders o JOIN order_items oi ON o.order_id = oi.order_id JOIN product p ON oi.product_id = p.product_id WHERE o.order_status = 'Approved' GROUP BY o.order_id HAVING SUM(p.list_price * oi.quantity) > 0 AND (SUM(p.list_price * oi.quantity) - SUM(oi.item_list_price_at_sale * oi.quantity)) / SUM(p.list_price * oi.quantity) > 0.20;
"Определить, какой бренд приносит наибольшую прибыль (сумма ""(item_list_price_at_sale - item_standard_cost_at_sale) * quantity"").","SELECT p.brand, SUM((oi.item_list_price_at_sale - oi.item_standard_cost_at_sale) * oi.quantity) AS total_profit FROM product p JOIN order_items oi ON p.product_id = oi.product_id JOIN orders o ON oi.order_id = o.order_id WHERE o.order_status = 'Approved' GROUP BY p.brand ORDER BY total_profit DESC LIMIT 1;"
"Найти клиентов, которые сделали более 5 заказов, но ни один из них не был онлайн.","SELECT c.customer_id, c.first_name, c.last_name, COUNT(o.order_id) AS order_count FROM customer c JOIN orders o ON c.customer_id = o.customer_id WHERE o.order_status = 'Approved' GROUP BY c.customer_id, c.first_name, c.last_name HAVING COUNT(o.order_id) > 5 AND BOOL_AND(NOT o.online_order);"
"Вывести список штатов, отсортированный по убыванию средней суммы чека клиента из этого штата.","SELECT c.state, AVG(order_total) AS avg_check_per_customer FROM ( SELECT o.customer_id, c.state, SUM(oi.quantity * oi.item_list_price_at_sale) AS order_total FROM orders o JOIN customer c ON o.customer_id = c.customer_id JOIN order_items oi ON o.order_id = oi.order_id WHERE o.order_status = 'Approved' GROUP BY o.customer_id, c.state, o.order_id ) AS sub GROUP BY state ORDER BY avg_check_per_customer DESC;"
"Найти продукты, которые никогда не продавались со скидкой (цена продажи всегда равна или выше розничной цены из каталога).","SELECT p.product_id, p.brand, p.product_line FROM product p JOIN order_items oi ON p.product_id = oi.product_id JOIN orders o ON oi.order_id = o.order_id WHERE o.order_status = 'Approved' GROUP BY p.product_id, p.brand, p.product_line HAVING MIN(oi.item_list_price_at_sale) >= MAX(p.list_price);"
Определить долю выручки от онлайн-заказов в общей выручке за весь период.,"SELECT ROUND( 100.0 * SUM(CASE WHEN o.online_order = TRUE THEN oi.quantity * oi.item_list_price_at_sale ELSE 0 END) / NULLIF(SUM(oi.quantity * oi.item_list_price_at_sale), 0), 2) AS online_revenue_share_percent FROM orders o JOIN order_items oi ON o.order_id = oi.order_id WHERE o.order_status = 'Approved';"
"Найти клиентов, которые сделали свой первый заказ в возрасте старше 50 лет. Вывести: имя, фамилия, возраст на момент первого заказа.","WITH first_orders AS ( SELECT o.customer_id, MIN(o.order_date) AS first_order_date FROM orders o WHERE o.order_status = 'Approved' GROUP BY o.customer_id ) SELECT c.first_name, c.last_name, EXTRACT(YEAR FROM AGE(fo.first_order_date, c.DOB)) AS age_at_first_order FROM customer c JOIN first_orders fo ON c.customer_id = fo.customer_id WHERE EXTRACT(YEAR FROM AGE(fo.first_order_date, c.DOB)) > 50;"
"Определить, в каком месяце 2017 года была самая высокая средняя сумма чека для клиентов сегмента ""High Net Worth"".","SELECT DATE_TRUNC('month', o.order_date) AS month_year, AVG(order_total) AS avg_check FROM ( SELECT o.order_id, o.order_date, SUM(oi.quantity * oi.item_list_price_at_sale) AS order_total FROM orders o JOIN customer c ON o.customer_id = c.customer_id JOIN order_items oi ON o.order_id = oi.order_id WHERE c.wealth_segment = 'High Net Worth' AND o.order_status = 'Approved' AND o.order_date >= '2017-01-01' AND o.order_date < '2018-01-01' GROUP BY o.order_id, o.order_date ) AS sub GROUP BY month_year ORDER BY avg_check DESC LIMIT 1;"
"Найти продукты, которые ни разу не продавались клиентам из штата VIC","SELECT p.product_id, p.brand, p.product_line FROM product p WHERE NOT EXISTS ( SELECT 1 FROM order_items oi JOIN orders o ON oi.order_id = o.order_id JOIN customer c ON o.customer_id = c.customer_id WHERE oi.product_id = p.product_id AND c.state = 'VIC' AND o.order_status = 'Approved' );"
"Вывести список брендов, у которых разница между максимальной и минимальной розничной ценой превышает 1000 долларов.",SELECT brand FROM product GROUP BY brand HAVING MAX(list_price) - MIN(list_price) > 1000;
"Найти клиентов, которые сделали заказы в течение 3 последовательных дней (любые 3 дня в году). Вывести: имя, фамилия, даты этих трех заказов.","WITH daily_orders AS ( SELECT DISTINCT customer_id, order_date FROM orders WHERE order_status = 'Approved' ), consecutive AS ( SELECT customer_id, order_date, LEAD(order_date, 1) OVER (PARTITION BY customer_id ORDER BY order_date) AS next_day, LEAD(order_date, 2) OVER (PARTITION BY customer_id ORDER BY order_date) AS day_after_next FROM daily_orders ) SELECT DISTINCT c.customer_id, c.first_name, c.last_name FROM consecutive cs JOIN customer c ON cs.customer_id = c.customer_id WHERE cs.next_day = cs.order_date + INTERVAL '1 day' AND cs.day_after_next = cs.order_date + INTERVAL '2 days';"
"Определить процент товаров каждого класса (""product_class""), которые были проданы со скидкой (цена продажи < розничной цены).","SELECT p.product_class, ROUND( 100.0 * COUNT(CASE WHEN oi.item_list_price_at_sale < p.list_price THEN 1 END) / NULLIF(COUNT(*), 0), 2) AS discount_percentage FROM product p JOIN order_items oi ON p.product_id = oi.product_id JOIN orders o ON oi.order_id = o.order_id WHERE o.order_status = 'Approved' GROUP BY p.product_class;"
"Найти самых ""активных"" клиентов: тех, кто сделал более 10 заказов, и выведи средний интервал (в днях) между их заказами.","WITH active_customers AS ( SELECT customer_id FROM orders WHERE order_status = 'Approved' GROUP BY customer_id HAVING COUNT(*) > 10 ), order_intervals AS ( SELECT o.customer_id, o.order_date, LAG(o.order_date) OVER (PARTITION BY o.customer_id ORDER BY o.order_date) AS prev_date FROM orders o JOIN active_customers ac ON o.customer_id = ac.customer_id WHERE o.order_status = 'Approved' ) SELECT c.customer_id, c.first_name, c.last_name, COUNT(o.order_id) AS order_count, ROUND(AVG(EXTRACT(EPOCH FROM (o.order_date - oi.prev_date)) / 86400)::NUMERIC, 2) AS avg_days_between_orders FROM customer c JOIN orders o ON c.customer_id = o.customer_id JOIN order_intervals oi ON c.customer_id = oi.customer_id AND o.order_date = oi.order_date WHERE o.order_status = 'Approved' GROUP BY c.customer_id, c.first_name, c.last_name;"
"Вывести топ-10 самых популярных комбинаций ""Бренд + Класс продукта"" по количеству проданных единиц.","SELECT p.brand, p.product_class, SUM(oi.quantity) AS total_units_sold FROM product p JOIN order_items oi ON p.product_id = oi.product_id JOIN orders o ON oi.order_id = o.order_id WHERE o.order_status = 'Approved' GROUP BY p.brand, p.product_class ORDER BY total_units_sold DESC LIMIT 10;"
"Найти клиентов, которые никогда не покупали товары бренда ""Giant Bicycles"", но покупали товары бренда ""Trek"".","SELECT DISTINCT c.customer_id, c.first_name, c.last_name FROM customer c JOIN orders o ON c.customer_id = o.customer_id JOIN order_items oi ON o.order_id = oi.order_id JOIN product p ON oi.product_id = p.product_id WHERE p.brand = 'Trek' AND o.order_status = 'Approved' AND c.customer_id NOT IN ( SELECT DISTINCT o2.customer_id FROM orders o2 JOIN order_items oi2 ON o2.order_id = oi2.order_id JOIN product p2 ON oi2.product_id = p2.product_id WHERE p2.brand = 'Giant Bicycles' AND o2.order_status = 'Approved' );"
"Определить, какой день недели является самым ""неудачным"" для продаж (минимальная общая выручка) в штате NSW.","SELECT TO_CHAR(o.order_date, 'Day') AS day_of_week, SUM(oi.quantity * oi.item_list_price_at_sale) AS total_revenue FROM orders o JOIN customer c ON o.customer_id = c.customer_id JOIN order_items oi ON o.order_id = oi.order_id WHERE c.state = 'NSW' AND o.order_status = 'Approved' GROUP BY day_of_week ORDER BY total_revenue ASC LIMIT 1;"
"Найти продукты, у которых себестоимость составляет более 80% от розничной цены, и которые были проданы хотя бы 5 раз.","SELECT p.product_id, p.brand, p.product_line FROM product p JOIN order_items oi ON p.product_id = oi.product_id JOIN orders o ON oi.order_id = o.order_id WHERE p.standard_cost > 0.8 * p.list_price AND o.order_status = 'Approved' GROUP BY p.product_id, p.brand, p.product_line HAVING SUM(oi.quantity) >= 5;"
"Вывести список клиентов, чья фамилия начинается на ту же букву, что и название бренда самого дорогого товара, который они купили.","WITH max_price_purchase AS ( SELECT o.customer_id, p.brand, ROW_NUMBER() OVER (PARTITION BY o.customer_id ORDER BY oi.item_list_price_at_sale DESC) as rn FROM orders o JOIN order_items oi ON o.order_id = oi.order_id JOIN product p ON oi.product_id = p.product_id WHERE o.order_status = 'Approved' ) SELECT c.customer_id, c.first_name, c.last_name, mpp.brand FROM customer c JOIN max_price_purchase mpp ON c.customer_id = mpp.customer_id WHERE mpp.rn = 1 AND LOWER(SUBSTRING(c.last_name FROM 1 FOR 1)) = LOWER(SUBSTRING(mpp.brand FROM 1 FOR 1));"
"Определить, сколько клиентов из каждого сегмента благосостояния (""wealth_segment"") сделали хотя бы один онлайн-заказ в декабре 2017 года.","SELECT c.wealth_segment, COUNT(DISTINCT c.customer_id) AS online_customers_dec_2017 FROM customer c JOIN orders o ON c.customer_id = o.customer_id WHERE o.online_order = TRUE AND o.order_status = 'Approved' AND o.order_date >= '2017-12-01' AND o.order_date < '2018-01-01' GROUP BY c.wealth_segment;"
"Найти заказы, в которых сумма покупки товаров класса ""Road Bikes"" превышает сумму покупки товаров всех остальных классов вместе взятых.",SELECT o.order_id FROM orders o JOIN order_items oi ON o.order_id = oi.order_id JOIN product p ON oi.product_id = p.product_id WHERE o.order_status = 'Approved' GROUP BY o.order_id HAVING SUM(CASE WHEN p.product_class = 'Road Bikes' THEN oi.quantity * oi.item_list_price_at_sale ELSE 0 END) > SUM(CASE WHEN p.product_class != 'Road Bikes' THEN oi.quantity * oi.item_list_price_at_sale ELSE 0 END);
"Вывести средний возраст клиентов, которые покупают товары премиум-класса (цена > 1000 долларов), с точностью до года.","SELECT ROUND(AVG(EXTRACT(YEAR FROM AGE(CURRENT_DATE, c.DOB)))) AS avg_age FROM customer c JOIN orders o ON c.customer_id = o.customer_id JOIN order_items oi ON o.order_id = oi.order_id JOIN product p ON oi.product_id = p.product_id WHERE p.list_price > 1000 AND o.order_status = 'Approved';"
"Найти бренды, у которых нет ни одного продукта, проданного в количестве более 1 штуки в одном чеке (все продажи были по 1 единице).",SELECT DISTINCT p.brand FROM product p JOIN order_items oi ON p.product_id = oi.product_id JOIN orders o ON oi.order_id = o.order_id WHERE o.order_status = 'Approved' GROUP BY p.brand HAVING MAX(oi.quantity) = 1;
"Определить, какой штат имеет наибольшую долю онлайн-заказов от общего числа заказов своих жителей.","WITH state_stats AS ( SELECT c.state, COUNT(*) FILTER (WHERE o.online_order = TRUE) AS online_orders, COUNT(*) AS total_orders FROM orders o JOIN customer c ON o.customer_id = c.customer_id WHERE o.order_status = 'Approved' GROUP BY c.state ) SELECT state FROM state_stats ORDER BY (online_orders::DECIMAL / NULLIF(total_orders, 0)) DESC LIMIT 1;"
"Найти клиентов, которые сделали заказ в новогоднюю ночь (31 декабря) или в Новый год (1 января).","SELECT DISTINCT c.customer_id, c.first_name, c.last_name FROM customer c JOIN orders o ON c.customer_id = o.customer_id WHERE o.order_status = 'Approved' AND ( (EXTRACT(MONTH FROM o.order_date) = 12 AND EXTRACT(DAY FROM o.order_date) = 31) OR (EXTRACT(MONTH FROM o.order_date) = 1 AND EXTRACT(DAY FROM o.order_date) = 1) );"
"Вывести список продуктов, которые были куплены клиентами из всех трех основных сегментов благосостояния (""Mass Customer"", ""Affluent Customer"", ""High Net Worth"").","SELECT p.product_id, p.brand, p.product_line FROM product p JOIN order_items oi ON p.product_id = oi.product_id JOIN orders o ON oi.order_id = o.order_id JOIN customer c ON o.customer_id = c.customer_id WHERE o.order_status = 'Approved' AND c.wealth_segment IN ('Mass Customer', 'Affluent Customer', 'High Net Worth') GROUP BY p.product_id, p.brand, p.product_line HAVING COUNT(DISTINCT c.wealth_segment) = 3;"
"Определить, какая отрасль деятельности (""job_industry_category"") клиентов генерирует наибольшую среднюю выручку на одного клиента.","SELECT c.job_industry_category, SUM(oi.quantity * oi.item_list_price_at_sale) / COUNT(DISTINCT c.customer_id) AS avg_revenue_per_customer FROM customer c JOIN orders o ON c.customer_id = o.customer_id JOIN order_items oi ON o.order_id = oi.order_id WHERE o.order_status = 'Approved' GROUP BY c.job_industry_category ORDER BY avg_revenue_per_customer DESC LIMIT 1;"